{"v":"5.5.7","meta":{"g":"LottieFiles AE 0.1.20","a":"","k":"","d":"","tc":""},"fr":60,"ip":0,"op":120,"w":300,"h":300,"nm":"planet with disc","ddd":0,"assets":[],"layers":[{"ddd":0,"ind":1,"ty":4,"nm":"rings","parent":4,"sr":1,"ks":{"o":{"a":0,"k":100,"ix":11},"r":{"a":1,"k":[{"i":{"x":[0.667],"y":[1]},"o":{"x":[0.333],"y":[0]},"t":0,"s":[0]},{"i":{"x":[0.667],"y":[1]},"o":{"x":[0.333],"y":[0]},"t":60,"s":[17.191]},{"t":119,"s":[0]}],"ix":10},"p":{"a":0,"k":[-2,-1.997,0],"ix":2},"a":{"a":0,"k":[-3.539,-3.537,0],"ix":1},"s":{"a":0,"k":[100,100,100],"ix":6}},"ao":0,"shapes":[{"ty":"gr","it":[{"d":1,"ty":"el","s":{"a":0,"k":[210,53],"ix":2},"p":{"a":0,"k":[0,0],"ix":3},"nm":"Path","mn":"ADBE Vector Shape - Ellipse","hd":false,"_render":true},{"ty":"tm","s":{"a":1,"k":[{"i":{"x":[0.833],"y":[0.833]},"o":{"x":[0.167],"y":[0.167]},"t":89,"s":[0]},{"t":119,"s":[50]}],"ix":1},"e":{"a":1,"k":[{"i":{"x":[0.833],"y":[0.833]},"o":{"x":[0.167],"y":[0.167]},"t":29,"s":[0]},{"i":{"x":[0.833],"y":[0.833]},"o":{"x":[0.167],"y":[0.167]},"t":89,"s":[10]},{"t":119,"s":[61]}],"ix":2},"o":{"a":0,"k":70,"ix":3},"m":1,"ix":2,"nm":"Trim Paths","mn":"ADBE Vector Filter - Trim","hd":false,"_render":true},{"ty":"st","c":{"a":0,"k":[1,0,0.8167,1],"ix":3},"o":{"a":0,"k":100,"ix":4},"w":{"a":0,"k":10,"ix":5},"lc":2,"lj":1,"ml":10,"bm":0,"nm":"Stroke","mn":"ADBE Vector Graphic - Stroke","hd":false,"_render":true},{"ty":"tr","p":{"a":0,"k":[-3.539,-4.037],"ix":2},"a":{"a":0,"k":[0,0],"ix":1},"s":{"a":0,"k":[100,100],"ix":3},"r":{"a":0,"k":0,"ix":6},"o":{"a":1,"k":[{"t":113,"s":[0],"h":1},{"t":114,"s":[100],"h":1}],"ix":7},"sk":{"a":0,"k":0,"ix":4},"sa":{"a":0,"k":0,"ix":5},"nm":"Transform","_render":true}],"nm":"outer ring 5","np":3,"cix":2,"bm":0,"ix":1,"mn":"ADBE Vector Group","hd":false,"_render":true},{"ty":"gr","it":[{"d":1,"ty":"el","s":{"a":0,"k":[210,53],"ix":2},"p":{"a":0,"k":[0,0],"ix":3},"nm":"Path","mn":"ADBE Vector Shape - Ellipse","hd":false,"_render":true},{"ty":"tm","s":{"a":1,"k":[{"i":{"x":[0.833],"y":[0.833]},"o":{"x":[0.167],"y":[0.167]},"t":89,"s":[0]},{"t":119,"s":[50]}],"ix":1},"e":{"a":1,"k":[{"i":{"x":[0.833],"y":[0.833]},"o":{"x":[0.167],"y":[0.167]},"t":29,"s":[0]},{"i":{"x":[0.833],"y":[0.833]},"o":{"x":[0.167],"y":[0.167]},"t":89,"s":[10]},{"t":119,"s":[61]}],"ix":2},"o":{"a":0,"k":70,"ix":3},"m":1,"ix":2,"nm":"Trim Paths","mn":"ADBE Vector Filter - Trim","hd":false,"_render":true},{"ty":"st","c":{"a":0,"k":[0.4392,0.1608,0.3882,1],"ix":3},"o":{"a":0,"k":100,"ix":4},"w":{"a":0,"k":20,"ix":5},"lc":2,"lj":1,"ml":10,"bm":0,"nm":"Stroke","mn":"ADBE Vector Graphic - Stroke","hd":false,"_render":true},{"ty":"tr","p":{"a":0,"k":[-3.488,-3.537],"ix":2},"a":{"a":0,"k":[0,0],"ix":1},"s":{"a":0,"k":[100,100],"ix":3},"r":{"a":0,"k":0,"ix":6},"o":{"a":1,"k":[{"t":113,"s":[0],"h":1},{"t":114,"s":[100],"h":1}],"ix":7},"sk":{"a":0,"k":0,"ix":4},"sa":{"a":0,"k":0,"ix":5},"nm":"Transform","_render":true}],"nm":"inner ring 5","np":3,"cix":2,"bm":0,"ix":2,"mn":"ADBE Vector Group","hd":false,"_render":true},{"ty":"gr","it":[{"d":1,"ty":"el","s":{"a":0,"k":[210,53],"ix":2},"p":{"a":0,"k":[0,0],"ix":3},"nm":"Path","mn":"ADBE Vector Shape - Ellipse","hd":false,"_render":true},{"ty":"tm","s":{"a":1,"k":[{"i":{"x":[0.833],"y":[0.833]},"o":{"x":[0.167],"y":[0.167]},"t":29,"s":[0]},{"i":{"x":[0.833],"y":[0.833]},"o":{"x":[0.167],"y":[0.167]},"t":89,"s":[30]},{"t":119,"s":[61]}],"ix":1},"e":{"a":1,"k":[{"i":{"x":[0.833],"y":[0.833]},"o":{"x":[0.167],"y":[0.167]},"t":0,"s":[30]},{"t":89,"s":[61]}],"ix":2},"o":{"a":0,"k":70,"ix":3},"m":1,"ix":2,"nm":"Trim Paths","mn":"ADBE Vector Filter - Trim","hd":false,"_render":true},{"ty":"st","c":{"a":0,"k":[0.8784,0.6902,1,1],"ix":3},"o":{"a":0,"k":100,"ix":4},"w":{"a":0,"k":10,"ix":5},"lc":2,"lj":1,"ml":10,"bm":0,"nm":"Stroke","mn":"ADBE Vector Graphic - Stroke","hd":false,"_render":true},{"ty":"tr","p":{"a":0,"k":[-3.539,-4.037],"ix":2},"a":{"a":0,"k":[0,0],"ix":1},"s":{"a":0,"k":[100,100],"ix":3},"r":{"a":0,"k":0,"ix":6},"o":{"a":0,"k":100,"ix":7},"sk":{"a":0,"k":0,"ix":4},"sa":{"a":0,"k":0,"ix":5},"nm":"Transform","_render":true}],"nm":"outer ring 2","np":3,"cix":2,"bm":0,"ix":3,"mn":"ADBE Vector Group","hd":false,"_render":true},{"ty":"gr","it":[{"d":1,"ty":"el","s":{"a":0,"k":[210,53],"ix":2},"p":{"a":0,"k":[0,0],"ix":3},"nm":"Path","mn":"ADBE Vector Shape - Ellipse","hd":false,"_render":true},{"ty":"tm","s":{"a":1,"k":[{"i":{"x":[0.833],"y":[0.833]},"o":{"x":[0.167],"y":[0.167]},"t":29,"s":[0]},{"i":{"x":[0.833],"y":[0.833]},"o":{"x":[0.167],"y":[0.167]},"t":89,"s":[30]},{"t":119,"s":[61]}],"ix":1},"e":{"a":1,"k":[{"i":{"x":[0.833],"y":[0.833]},"o":{"x":[0.167],"y":[0.167]},"t":0,"s":[30]},{"t":89,"s":[61]}],"ix":2},"o":{"a":0,"k":70,"ix":3},"m":1,"ix":2,"nm":"Trim Paths","mn":"ADBE Vector Filter - Trim","hd":false,"_render":true},{"ty":"st","c":{"a":0,"k":[0.4392,0.1608,0.3882,1],"ix":3},"o":{"a":0,"k":100,"ix":4},"w":{"a":0,"k":20,"ix":5},"lc":2,"lj":1,"ml":10,"bm":0,"nm":"Stroke","mn":"ADBE Vector Graphic - Stroke","hd":false,"_render":true},{"ty":"tr","p":{"a":0,"k":[-3.488,-3.537],"ix":2},"a":{"a":0,"k":[0,0],"ix":1},"s":{"a":0,"k":[100,100],"ix":3},"r":{"a":0,"k":0,"ix":6},"o":{"a":0,"k":100,"ix":7},"sk":{"a":0,"k":0,"ix":4},"sa":{"a":0,"k":0,"ix":5},"nm":"Transform","_render":true}],"nm":"inner ring 2","np":3,"cix":2,"bm":0,"ix":4,"mn":"ADBE Vector Group","hd":false,"_render":true},{"ty":"gr","it":[{"d":1,"ty":"el","s":{"a":0,"k":[210,53],"ix":2},"p":{"a":0,"k":[0,0],"ix":3},"nm":"Path","mn":"ADBE Vector Shape - Ellipse","hd":false,"_render":true},{"ty":"tm","s":{"a":1,"k":[{"i":{"x":[0.833],"y":[0.833]},"o":{"x":[0.167],"y":[0.167]},"t":0,"s":[50]},{"t":89,"s":[61]}],"ix":1},"e":{"a":0,"k":61,"ix":2},"o":{"a":0,"k":70,"ix":3},"m":1,"ix":2,"nm":"Trim Paths","mn":"ADBE Vector Filter - Trim","hd":false,"_render":true},{"ty":"st","c":{"a":0,"k":[1,0,0.8167,1],"ix":3},"o":{"a":0,"k":100,"ix":4},"w":{"a":0,"k":10,"ix":5},"lc":2,"lj":1,"ml":10,"bm":0,"nm":"Stroke","mn":"ADBE Vector Graphic - Stroke","hd":false,"_render":true},{"ty":"tr","p":{"a":0,"k":[-3.539,-3.537],"ix":2},"a":{"a":0,"k":[0,0],"ix":1},"s":{"a":0,"k":[100,100],"ix":3},"r":{"a":0,"k":0,"ix":6},"o":{"a":0,"k":100,"ix":7},"sk":{"a":0,"k":0,"ix":4},"sa":{"a":0,"k":0,"ix":5},"nm":"Transform","_render":true}],"nm":"outer ring 1","np":3,"cix":2,"bm":0,"ix":5,"mn":"ADBE Vector Group","hd":false,"_render":true},{"ty":"gr","it":[{"d":1,"ty":"el","s":{"a":0,"k":[210,53],"ix":2},"p":{"a":0,"k":[0,0],"ix":3},"nm":"Path","mn":"ADBE Vector Shape - Ellipse","hd":false,"_render":true},{"ty":"tm","s":{"a":1,"k":[{"i":{"x":[0.833],"y":[0.833]},"o":{"x":[0.167],"y":[0.167]},"t":0,"s":[50]},{"t":89,"s":[61]}],"ix":1},"e":{"a":0,"k":61,"ix":2},"o":{"a":0,"k":70,"ix":3},"m":1,"ix":2,"nm":"Trim Paths","mn":"ADBE Vector Filter - Trim","hd":false,"_render":true},{"ty":"st","c":{"a":0,"k":[0.4392,0.1608,0.3882,1],"ix":3},"o":{"a":0,"k":100,"ix":4},"w":{"a":0,"k":20,"ix":5},"lc":2,"lj":1,"ml":10,"bm":0,"nm":"Stroke","mn":"ADBE Vector Graphic - Stroke","hd":false,"_render":true},{"ty":"tr","p":{"a":0,"k":[-3.488,-3.537],"ix":2},"a":{"a":0,"k":[0,0],"ix":1},"s":{"a":0,"k":[100,100],"ix":3},"r":{"a":0,"k":0,"ix":6},"o":{"a":0,"k":100,"ix":7},"sk":{"a":0,"k":0,"ix":4},"sa":{"a":0,"k":0,"ix":5},"nm":"Transform","_render":true}],"nm":"inner ring 1","np":3,"cix":2,"bm":0,"ix":6,"mn":"ADBE Vector Group","hd":false,"_render":true},{"ty":"gr","it":[{"d":1,"ty":"el","s":{"a":0,"k":[210,53],"ix":2},"p":{"a":0,"k":[0,0],"ix":3},"nm":"Path","mn":"ADBE Vector Shape - Ellipse","hd":false,"_render":true},{"ty":"tm","s":{"a":1,"k":[{"i":{"x":[0.833],"y":[0.833]},"o":{"x":[0.167],"y":[0.167]},"t":89,"s":[0]},{"t":119,"s":[50]}],"ix":1},"e":{"a":1,"k":[{"i":{"x":[0.833],"y":[0.833]},"o":{"x":[0.167],"y":[0.167]},"t":29,"s":[0]},{"i":{"x":[0.833],"y":[0.833]},"o":{"x":[0.167],"y":[0.167]},"t":89,"s":[10]},{"t":119,"s":[61]}],"ix":2},"o":{"a":0,"k":70,"ix":3},"m":1,"ix":2,"nm":"Trim Paths","mn":"ADBE Vector Filter - Trim","hd":false,"_render":true},{"ty":"st","c":{"a":0,"k":[1,0,0.8167,1],"ix":3},"o":{"a":0,"k":100,"ix":4},"w":{"a":0,"k":10,"ix":5},"lc":2,"lj":1,"ml":10,"bm":0,"nm":"Stroke","mn":"ADBE Vector Graphic - Stroke","hd":false,"_render":true},{"ty":"tr","p":{"a":0,"k":[-3.539,-4.037],"ix":2},"a":{"a":0,"k":[0,0],"ix":1},"s":{"a":0,"k":[100,100],"ix":3},"r":{"a":0,"k":0,"ix":6},"o":{"a":0,"k":100,"ix":7},"sk":{"a":0,"k":0,"ix":4},"sa":{"a":0,"k":0,"ix":5},"nm":"Transform","_render":true}],"nm":"outer ring 3","np":3,"cix":2,"bm":0,"ix":7,"mn":"ADBE Vector Group","hd":false,"_render":true},{"ty":"gr","it":[{"d":1,"ty":"el","s":{"a":0,"k":[210,53],"ix":2},"p":{"a":0,"k":[0,0],"ix":3},"nm":"Path","mn":"ADBE Vector Shape - Ellipse","hd":false,"_render":true},{"ty":"tm","s":{"a":1,"k":[{"i":{"x":[0.833],"y":[0.833]},"o":{"x":[0.167],"y":[0.167]},"t":89,"s":[0]},{"t":119,"s":[50]}],"ix":1},"e":{"a":1,"k":[{"i":{"x":[0.833],"y":[0.833]},"o":{"x":[0.167],"y":[0.167]},"t":29,"s":[0]},{"i":{"x":[0.833],"y":[0.833]},"o":{"x":[0.167],"y":[0.167]},"t":89,"s":[10]},{"t":119,"s":[61]}],"ix":2},"o":{"a":0,"k":70,"ix":3},"m":1,"ix":2,"nm":"Trim Paths","mn":"ADBE Vector Filter - Trim","hd":false,"_render":true},{"ty":"st","c":{"a":0,"k":[0.4392,0.1608,0.3882,1],"ix":3},"o":{"a":0,"k":100,"ix":4},"w":{"a":0,"k":20,"ix":5},"lc":2,"lj":1,"ml":10,"bm":0,"nm":"Stroke","mn":"ADBE Vector Graphic - Stroke","hd":false,"_render":true},{"ty":"tr","p":{"a":0,"k":[-3.488,-3.537],"ix":2},"a":{"a":0,"k":[0,0],"ix":1},"s":{"a":0,"k":[100,100],"ix":3},"r":{"a":0,"k":0,"ix":6},"o":{"a":0,"k":100,"ix":7},"sk":{"a":0,"k":0,"ix":4},"sa":{"a":0,"k":0,"ix":5},"nm":"Transform","_render":true}],"nm":"inner ring 3","np":3,"cix":2,"bm":0,"ix":8,"mn":"ADBE Vector Group","hd":false,"_render":true},{"ty":"gr","it":[{"d":1,"ty":"el","s":{"a":0,"k":[210,53],"ix":2},"p":{"a":0,"k":[0,0],"ix":3},"nm":"Path","mn":"ADBE Vector Shape - Ellipse","hd":false,"_render":true},{"ty":"tm","s":{"a":0,"k":0,"ix":1},"e":{"a":1,"k":[{"i":{"x":[0.833],"y":[0.833]},"o":{"x":[0.167],"y":[0.167]},"t":89,"s":[0]},{"t":119,"s":[30]}],"ix":2},"o":{"a":0,"k":70,"ix":3},"m":1,"ix":2,"nm":"Trim Paths","mn":"ADBE Vector Filter - Trim","hd":false,"_render":true},{"ty":"st","c":{"a":0,"k":[0.8784,0.6902,1,1],"ix":3},"o":{"a":0,"k":100,"ix":4},"w":{"a":0,"k":10,"ix":5},"lc":2,"lj":1,"ml":10,"bm":0,"nm":"Stroke","mn":"ADBE Vector Graphic - Stroke","hd":false,"_render":true},{"ty":"tr","p":{"a":0,"k":[-3.539,-4.037],"ix":2},"a":{"a":0,"k":[0,0],"ix":1},"s":{"a":0,"k":[100,100],"ix":3},"r":{"a":0,"k":0,"ix":6},"o":{"a":0,"k":100,"ix":7},"sk":{"a":0,"k":0,"ix":4},"sa":{"a":0,"k":0,"ix":5},"nm":"Transform","_render":true}],"nm":"outer ring 4","np":3,"cix":2,"bm":0,"ix":9,"mn":"ADBE Vector Group","hd":false,"_render":true},{"ty":"gr","it":[{"d":1,"ty":"el","s":{"a":0,"k":[210,53],"ix":2},"p":{"a":0,"k":[0,0],"ix":3},"nm":"Path","mn":"ADBE Vector Shape - Ellipse","hd":false,"_render":true},{"ty":"tm","s":{"a":0,"k":0,"ix":1},"e":{"a":1,"k":[{"i":{"x":[0.833],"y":[0.833]},"o":{"x":[0.167],"y":[0.167]},"t":89,"s":[0]},{"t":119,"s":[30]}],"ix":2},"o":{"a":0,"k":70,"ix":3},"m":1,"ix":2,"nm":"Trim Paths","mn":"ADBE Vector Filter - Trim","hd":false,"_render":true},{"ty":"st","c":{"a":0,"k":[0.4392,0.1608,0.3882,1],"ix":3},"o":{"a":0,"k":100,"ix":4},"w":{"a":0,"k":20,"ix":5},"lc":2,"lj":1,"ml":10,"bm":0,"nm":"Stroke","mn":"ADBE Vector Graphic - Stroke","hd":false,"_render":true},{"ty":"tr","p":{"a":0,"k":[-3.488,-3.537],"ix":2},"a":{"a":0,"k":[0,0],"ix":1},"s":{"a":0,"k":[100,100],"ix":3},"r":{"a":0,"k":0,"ix":6},"o":{"a":0,"k":100,"ix":7},"sk":{"a":0,"k":0,"ix":4},"sa":{"a":0,"k":0,"ix":5},"nm":"Transform","_render":true}],"nm":"inner ring 4","np":3,"cix":2,"bm":0,"ix":10,"mn":"ADBE Vector Group","hd":false,"_render":true}],"ip":0,"op":120,"st":0,"bm":0,"completed":true},{"ddd":0,"ind":2,"ty":4,"nm":"mask for craters","parent":4,"td":1,"sr":1,"ks":{"o":{"a":0,"k":100,"ix":11},"r":{"a":0,"k":0,"ix":10},"p":{"a":0,"k":[-2,-1.997,0],"ix":2},"a":{"a":0,"k":[0.5,0.5,0],"ix":1},"s":{"a":0,"k":[100,100,100],"ix":6}},"ao":0,"shapes":[{"ty":"gr","it":[{"ind":0,"ty":"sh","ix":1,"ks":{"a":0,"k":{"i":[[-35.035,-63.436],[63.436,-35.035],[35.035,63.436],[-63.436,35.035]],"o":[[35.035,-63.436],[63.436,35.035],[-35.035,63.436],[-63.436,-35.035]],"v":[[0,-63.436],[63.436,0],[0,63.436],[-63.436,0]],"c":true},"ix":2},"nm":"Path","mn":"ADBE Vector Shape - Group","hd":false,"_render":true},{"ty":"fl","c":{"a":0,"k":[0.8784,0.6902,1,1],"ix":4},"o":{"a":0,"k":100,"ix":5},"r":1,"bm":0,"nm":"Fill","mn":"ADBE Vector Graphic - Fill","hd":false,"_render":true},{"ty":"tr","p":{"a":0,"k":[0.5,0.5],"ix":2},"a":{"a":0,"k":[0,0],"ix":1},"s":{"a":0,"k":[100,100],"ix":3},"r":{"a":0,"k":0,"ix":6},"o":{"a":0,"k":100,"ix":7},"sk":{"a":0,"k":0,"ix":4},"sa":{"a":0,"k":0,"ix":5},"nm":"Transform","_render":true}],"nm":"Group","np":2,"cix":2,"bm":0,"ix":1,"mn":"ADBE Vector Group","hd":false,"_render":true}],"ip":0,"op":120,"st":0,"bm":0,"completed":true},{"ddd":0,"ind":3,"ty":4,"nm":"craters","parent":4,"tt":1,"sr":1,"ks":{"o":{"a":0,"k":100,"ix":11},"r":{"a":0,"k":0,"ix":10},"p":{"a":1,"k":[{"i":{"x":0.833,"y":0.833},"o":{"x":0.167,"y":0.167},"t":0,"s":[-144.96,-29.496,0],"to":null,"ti":null},{"t":119,"s":[60.54,-29.496,0]}],"ix":2},"a":{"a":0,"k":[-17.46,-28.499,0],"ix":1},"s":{"a":0,"k":[100,100,100],"ix":6}},"ao":0,"shapes":[{"ty":"gr","it":[{"ind":0,"ty":"sh","ix":1,"ks":{"a":0,"k":{"i":[[-8.284,-15],[15,-8.284],[8.284,15],[-15,8.284]],"o":[[8.284,-15],[15,8.284],[-8.284,15],[-15,-8.284]],"v":[[0,-15],[15,0],[0,15],[-15,0]],"c":true},"ix":2},"nm":"Path ","mn":"ADBE Vector Shape - Group","hd":false,"_render":true},{"ty":"st","c":{"a":0,"k":[0.4392,0.1608,0.3882,1],"ix":3},"o":{"a":0,"k":100,"ix":4},"w":{"a":0,"k":5,"ix":5},"lc":1,"lj":1,"ml":10,"bm":0,"nm":"Stroke","mn":"ADBE Vector Graphic - Stroke","hd":false,"_render":true},{"ty":"tr","p":{"a":0,"k":[-17.46,-28.499],"ix":2},"a":{"a":0,"k":[0,0],"ix":1},"s":{"a":0,"k":[100,100],"ix":3},"r":{"a":0,"k":0,"ix":6},"o":{"a":0,"k":100,"ix":7},"sk":{"a":0,"k":0,"ix":4},"sa":{"a":0,"k":0,"ix":5},"nm":"Transform","_render":true}],"nm":"crater 1","np":2,"cix":2,"bm":0,"ix":1,"mn":"ADBE Vector Group","hd":false,"_render":true},{"ty":"gr","it":[{"ind":0,"ty":"sh","ix":1,"ks":{"a":0,"k":{"i":[[-4.971,-9],[9,-4.971],[4.971,9],[-9,4.971]],"o":[[4.971,-9],[9,4.971],[-4.971,9],[-9,-4.971]],"v":[[0,-9],[9,0],[0,9],[-9,0]],"c":true},"ix":2},"nm":"Path","mn":"ADBE Vector Shape - Group","hd":false,"_render":true},{"ty":"st","c":{"a":0,"k":[0.4392,0.1608,0.3882,1],"ix":3},"o":{"a":0,"k":100,"ix":4},"w":{"a":0,"k":5,"ix":5},"lc":1,"lj":1,"ml":10,"bm":0,"nm":"Stroke","mn":"ADBE Vector Graphic - Stroke","hd":false,"_render":true},{"ty":"tr","p":{"a":0,"k":[28.529,38.501],"ix":2},"a":{"a":0,"k":[0,0],"ix":1},"s":{"a":0,"k":[100,100],"ix":3},"r":{"a":0,"k":0,"ix":6},"o":{"a":0,"k":100,"ix":7},"sk":{"a":0,"k":0,"ix":4},"sa":{"a":0,"k":0,"ix":5},"nm":"Transform","_render":true}],"nm":"crater 2","np":2,"cix":2,"bm":0,"ix":2,"mn":"ADBE Vector Group","hd":false,"_render":true},{"ty":"gr","it":[{"ind":0,"ty":"sh","ix":1,"ks":{"a":0,"k":{"i":[[-8.284,-15],[15,-8.284],[8.284,15],[-15,8.284]],"o":[[8.284,-15],[15,8.284],[-8.284,15],[-15,-8.284]],"v":[[0,-15],[15,0],[0,15],[-15,0]],"c":true},"ix":2},"nm":"Path","mn":"ADBE Vector Shape - Group","hd":false,"_render":true},{"ty":"st","c":{"a":0,"k":[0.4392,0.1608,0.3882,1],"ix":3},"o":{"a":0,"k":100,"ix":4},"w":{"a":0,"k":5,"ix":5},"lc":1,"lj":1,"ml":10,"bm":0,"nm":"Stroke","mn":"ADBE Vector Graphic - Stroke","hd":false,"_render":true},{"ty":"tr","p":{"a":0,"k":[-117.46,-13.999],"ix":2},"a":{"a":0,"k":[0,0],"ix":1},"s":{"a":0,"k":[100,100],"ix":3},"r":{"a":0,"k":0,"ix":6},"o":{"a":0,"k":100,"ix":7},"sk":{"a":0,"k":0,"ix":4},"sa":{"a":0,"k":0,"ix":5},"nm":"Transform","_render":true}],"nm":"crater 3","np":2,"cix":2,"bm":0,"ix":3,"mn":"ADBE Vector Group","hd":false,"_render":true},{"ty":"gr","it":[{"ind":0,"ty":"sh","ix":1,"ks":{"a":0,"k":{"i":[[-8.284,-15],[15,-8.284],[8.284,15],[-15,8.284]],"o":[[8.284,-15],[15,8.284],[-8.284,15],[-15,-8.284]],"v":[[0,-15],[15,0],[0,15],[-15,0]],"c":true},"ix":2},"nm":"Path","mn":"ADBE Vector Shape - Group","hd":false,"_render":true},{"ty":"st","c":{"a":0,"k":[0.4392,0.1608,0.3882,1],"ix":3},"o":{"a":0,"k":100,"ix":4},"w":{"a":0,"k":5,"ix":5},"lc":1,"lj":1,"ml":10,"bm":0,"nm":"Stroke","mn":"ADBE Vector Graphic - Stroke","hd":false,"_render":true},{"ty":"tr","p":{"a":0,"k":[88.04,-13.999],"ix":2},"a":{"a":0,"k":[0,0],"ix":1},"s":{"a":0,"k":[100,100],"ix":3},"r":{"a":0,"k":0,"ix":6},"o":{"a":0,"k":100,"ix":7},"sk":{"a":0,"k":0,"ix":4},"sa":{"a":0,"k":0,"ix":5},"nm":"Transform","_render":true}],"nm":"crater 4","np":2,"cix":2,"bm":0,"ix":4,"mn":"ADBE Vector Group","hd":false,"_render":true},{"ty":"gr","it":[{"ind":0,"ty":"sh","ix":1,"ks":{"a":0,"k":{"i":[[-8.284,-15],[15,-8.284],[8.284,15],[-15,8.284]],"o":[[8.284,-15],[15,8.284],[-8.284,15],[-15,-8.284]],"v":[[0,-15],[15,0],[0,15],[-15,0]],"c":true},"ix":2},"nm":"Path","mn":"ADBE Vector Shape - Group","hd":false,"_render":true},{"ty":"st","c":{"a":0,"k":[0.4392,0.1608,0.3882,1],"ix":3},"o":{"a":0,"k":100,"ix":4},"w":{"a":0,"k":5,"ix":5},"lc":1,"lj":1,"ml":10,"bm":0,"nm":"Stroke","mn":"ADBE Vector Graphic - Stroke","hd":false,"_render":true},{"ty":"tr","p":{"a":0,"k":[188.04,-28.499],"ix":2},"a":{"a":0,"k":[0,0],"ix":1},"s":{"a":0,"k":[100,100],"ix":3},"r":{"a":0,"k":0,"ix":6},"o":{"a":0,"k":100,"ix":7},"sk":{"a":0,"k":0,"ix":4},"sa":{"a":0,"k":0,"ix":5},"nm":"Transform","_render":true}],"nm":"crater 5","np":2,"cix":2,"bm":0,"ix":5,"mn":"ADBE Vector Group","hd":false,"_render":true}],"ip":0,"op":120,"st":0,"bm":0,"completed":true},{"ddd":0,"ind":4,"ty":4,"nm":"planet","sr":1,"ks":{"o":{"a":0,"k":100,"ix":11},"r":{"a":0,"k":0,"ix":10},"p":{"a":1,"k":[{"i":{"x":0.667,"y":1},"o":{"x":0.167,"y":0.167},"t":0,"s":[150,150,0],"to":null,"ti":null},{"i":{"x":0.667,"y":1},"o":{"x":0.333,"y":0},"t":29,"s":[150,130,0],"to":null,"ti":null},{"i":{"x":0.833,"y":0.833},"o":{"x":0.333,"y":0},"t":89,"s":[150,170,0],"to":null,"ti":null},{"t":119,"s":[150,150,0]}],"ix":2},"a":{"a":0,"k":[-2,-1.997,0],"ix":1},"s":{"a":0,"k":[100,100,100],"ix":6}},"ao":0,"shapes":[{"ty":"gr","it":[{"ind":0,"ty":"sh","ix":1,"ks":{"a":0,"k":{"i":[[-36.451,-66],[66,-36.451],[36.451,66],[-66,36.451]],"o":[[36.451,-66],[66,36.451],[-36.451,66],[-66,-36.451]],"v":[[0,-66],[66,0],[0,66],[-66,0]],"c":true},"ix":2},"nm":"Path","mn":"ADBE Vector Shape - Group","hd":false,"_render":true},{"ty":"st","c":{"a":0,"k":[0.4392,0.1608,0.3882,1],"ix":3},"o":{"a":0,"k":100,"ix":4},"w":{"a":0,"k":5,"ix":5},"lc":1,"lj":1,"ml":10,"bm":0,"nm":"Stroke","mn":"ADBE Vector Graphic - Stroke","hd":false,"_render":true},{"ty":"fl","c":{"a":0,"k":[0.4471,0.3059,0.6549,1],"ix":4},"o":{"a":0,"k":100,"ix":5},"r":1,"bm":0,"nm":"Fill","mn":"ADBE Vector Graphic - Fill","hd":false,"_render":true},{"ty":"tr","p":{"a":0,"k":[-2,-1.997],"ix":2},"a":{"a":0,"k":[0,0],"ix":1},"s":{"a":0,"k":[100,100],"ix":3},"r":{"a":0,"k":0,"ix":6},"o":{"a":0,"k":100,"ix":7},"sk":{"a":0,"k":0,"ix":4},"sa":{"a":0,"k":0,"ix":5},"nm":"Transform","_render":true}],"nm":"Group","np":3,"cix":2,"bm":0,"ix":1,"mn":"ADBE Vector Group","hd":false,"_render":true}],"ip":0,"op":120,"st":0,"bm":0,"completed":true}],"markers":[],"__complete":true}